Workbook

Sheet Transactions
A1: transaction_id | B1: user_id | C1: merchant_id | D1: transaction_time | E1: amount_inr | F1: payment_method | G1: status | H1: risk_score | I1: merchant_name | J1: category | K1: region | L1: illustrative_fee_pct | M1: transaction_date | N1: merchant_day_key | O1: merchant_daily_total_inr | P1: merchant_day_classification
A2: TXN100000 | B2: 350 | C2: 16 | D2: 46051.467 | E2: 2999 | F2: Wallet | G2: captured | H2: 85 | I2: =IFERROR(VLOOKUP(C2,Merchants!$A$2:$D$41,2,FALSE),"Merchant not found") -> Merchant_016 | J2: =IFERROR(VLOOKUP(C2,Merchants!$A$2:$D$41,3,FALSE),"Merchant not found") -> bill_payment | K2: =IFERROR(VLOOKUP(C2,Merchants!$A$2:$D$41,4,FALSE),"Merchant not found") -> West | L2: =IFERROR(HLOOKUP(F2,Fee_Lookup!$B$1:$E$2,2,FALSE),"Fee not found") -> 0.005 | M2: =INT(D2) -> 46051 | N2: =C2&"|"&TEXT(M2,"yyyy-mm-dd") -> 16|2026-01-29 | O2: =IFERROR(VLOOKUP(N2,Merchant_Daily!$A:$B,2,FALSE),0) -> 2999 | P2: =IF( AND(O2>5000,K2<>"East"), "High-Value Merchant Day", IF( AND(O2>5000,K2="East"), "High-Value East Merchant Day", "Standard Merchant Day" ) ) -> Standard Merchant Day
A3: TXN100001 | B3: 287 | C3: 27 | D3: 46026.492 | E3: 49 | F3: UPI | G3: captured | H3: 79 | I3: =IFERROR(VLOOKUP(C3,Merchants!$A$2:$D$41,2,FALSE),"Merchant not found") -> Merchant_027 | J3: =IFERROR(VLOOKUP(C3,Merchants!$A$2:$D$41,3,FALSE),"Merchant not found") -> ecommerce | K3: =IFERROR(VLOOKUP(C3,Merchants!$A$2:$D$41,4,FALSE),"Merchant not found") -> North | L3: =IFERROR(HLOOKUP(F3,Fee_Lookup!$B$1:$E$2,2,FALSE),"Fee not found") -> 0 | M3: =INT(D3) -> 46026 | N3: =C3&"|"&TEXT(M3,"yyyy-mm-dd") -> 27|2026-01-04 | O3: =IFERROR(VLOOKUP(N3,Merchant_Daily!$A:$B,2,FALSE),0) -> 49 | P3: =IF( AND(O3>5000,K3<>"East"), "High-Value Merchant Day", IF( AND(O3>5000,K3="East"), "High-Value East Merchant Day", "Standard Merchant Day" ) ) -> Standard Merchant Day
A4: TXN100002 | B4: 122 | C4: 11 | D4: 46046.208 | E4: 1499 | F4: Wallet | G4: captured | H4: 22 | I4: =IFERROR(VLOOKUP(C4,Merchants!$A$2:$D$41,2,FALSE),"Merchant not found") -> Merchant_011 | J4: =IFERROR(VLOOKUP(C4,Merchants!$A$2:$D$41,3,FALSE),"Merchant not found") -> ecommerce | K4: =IFERROR(VLOOKUP(C4,Merchants!$A$2:$D$41,4,FALSE),"Merchant not found") -> North | L4: =IFERROR(HLOOKUP(F4,Fee_Lookup!$B$1:$E$2,2,FALSE),"Fee not found") -> 0.005 | M4: =INT(D4) -> 46046 | N4: =C4&"|"&TEXT(M4,"yyyy-mm-dd") -> 11|2026-01-24 | O4: =IFERROR(VLOOKUP(N4,Merchant_Daily!$A:$B,2,FALSE),0) -> 1798 | P4: =IF( AND(O4>5000,K4<>"East"), "High-Value Merchant Day", IF( AND(O4>5000,K4="East"), "High-Value East Merchant Day", "Standard Merchant Day" ) ) -> Standard Merchant Day
A5: TXN100003 | B5: 92 | C5: 22 | D5: 46051.542 | E5: 49 | F5: Netbanking | G5: captured | H5: 100 | I5: =IFERROR(VLOOKUP(C5,Merchants!$A$2:$D$41,2,FALSE),"Merchant not found") -> Merchant_022 | J5: =IFERROR(VLOOKUP(C5,Merchants!$A$2:$D$41,3,FALSE),"Merchant not found") -> travel | K5: =IFERROR(VLOOKUP(C5,Merchants!$A$2:$D$41,4,FALSE),"Merchant not found") -> South | L5: =IFERROR(HLOOKUP(F5,Fee_Lookup!$B$1:$E$2,2,FALSE),"Fee not found") -> 0.015 | M5: =INT(D5) -> 46051 | N5: =C5&"|"&TEXT(M5,"yyyy-mm-dd") -> 22|2026-01-29 | O5: =IFERROR(VLOOKUP(N5,Merchant_Daily!$A:$B,2,FALSE),0) -> 49 | P5: =IF( AND(O5>5000,K5<>"East"), "High-Value Merchant Day", IF( AND(O5>5000,K5="East"), "High-Value East Merchant Day", "Standard Merchant Day" ) ) -> Standard Merchant Day
A6: TXN100004 | B6: 343 | C6: 16 | D6: 46052.577 | E6: 99 | F6: UPI | G6: captured | H6: 34 | I6: =IFERROR(VLOOKUP(C6,Merchants!$A$2:$D$41,2,FALSE),"Merchant not found") -> Merchant_016 | J6: =IFERROR(VLOOKUP(C6,Merchants!$A$2:$D$41,3,FALSE),"Merchant not found") -> bill_payment | K6: =IFERROR(VLOOKUP(C6,Merchants!$A$2:$D$41,4,FALSE),"Merchant not found") -> West | L6: =IFERROR(HLOOKUP(F6,Fee_Lookup!$B$1:$E$2,2,FALSE),"Fee not found") -> 0 | M6: =INT(D6) -> 46052 | N6: =C6&"|"&TEXT(M6,"yyyy-mm-dd") -> 16|2026-01-30 | O6: =IFERROR(VLOOKUP(N6,Merchant_Daily!$A:$B,2,FALSE),0) -> 898 | P6: =IF( AND(O6>5000,K6<>"East"), "High-Value Merchant Day", IF( AND(O6>5000,K6="East"), "High-Value East Merchant Day", "Standard Merchant Day" ) ) -> Standard Merchant Day
A7: TXN100005 | B7: 196 | C7: 3 | D7: 46028.921 | E7: 99 | F7: UPI | G7: captured | H7: 60 | I7: =IFERROR(VLOOKUP(C7,Merchants!$A$2:$D$41,2,FALSE),"Merchant not found") -> Merchant_003 | J7: =IFERROR(VLOOKUP(C7,Merchants!$A$2:$D$41,3,FALSE),"Merchant not found") -> grocery | K7: =IFERROR(VLOOKUP(C7,Merchants!$A$2:$D$41,4,FALSE),"Merchant not found") -> East | L7: =IFERROR(HLOOKUP(F7,Fee_Lookup!$B$1:$E$2,2,FALSE),"Fee not found") -> 0 | M7: =INT(D7) -> 46028 | N7: =C7&"|"&TEXT(M7,"yyyy-mm-dd") -> 3|2026-01-06 | O7: =IFERROR(VLOOKUP(N7,Merchant_Daily!$A:$B,2,FALSE),0) -> 898 | P7: =IF( AND(O7>5000,K7<>"East"), "High-Value Merchant Day", IF( AND(O7>5000,K7="East"), "High-Value East Merchant Day", "Standard Merchant Day" ) ) -> Standard Merchant Day
A8: TXN100006 | B8: 236 | C8: 23 | D8: 46030.286 | E8: 99 | F8: Wallet | G8: captured | H8: 39 | I8: =IFERROR(VLOOKUP(C8,Merchants!$A$2:$D$41,2,FALSE),"Merchant not found") -> Merchant_023 | J8: =IFERROR(VLOOKUP(C8,Merchants!$A$2:$D$41,3,FALSE),"Merchant not found") -> travel | K8: =IFERROR(VLOOKUP(C8,Merchants!$A$2:$D$41,4,FALSE),"Merchant not found") -> North | L8: =IFERROR(HLOOKUP(F8,Fee_Lookup!$B$1:$E$2,2,FALSE),"Fee not found") -> 0.005 | M8: =INT(D8) -> 46030 | N8: =C8&"|"&TEXT(M8,"yyyy-mm-dd") -> 23|2026-01-08 | O8: =IFERROR(VLOOKUP(N8,Merchant_Daily!$A:$B,2,FALSE),0) -> 99 | P8: =IF( AND(O8>5000,K8<>"East"), "High-Value Merchant Day", IF( AND(O8>5000,K8="East"), "High-Value East Merchant Day", "Standard Merchant Day" ) ) -> Standard Merchant Day
A9: TXN100007 | B9: 13 | C9: 13 | D9: 46049.301 | E9: 99 | F9: UPI | G9: captured | H9: 51 | I9: =IFERROR(VLOOKUP(C9,Merchants!$A$2:$D$41,2,FALSE),"Merchant not found") -> Merchant_013 | J9: =IFERROR(VLOOKUP(C9,Merchants!$A$2:$D$41,3,FALSE),"Merchant not found") -> travel | K9: =IFERROR(VLOOKUP(C9,Merchants!$A$2:$D$41,4,FALSE),"Merchant not found") -> East | L9: =IFERROR(HLOOKUP(F9,Fee_Lookup!$B$1:$E$2,2,FALSE),"Fee not found") -> 0 | M9: =INT(D9) -> 46049 | N9: =C9&"|"&TEXT(M9,"yyyy-mm-dd") -> 13|2026-01-27 | O9: =IFERROR(VLOOKUP(N9,Merchant_Daily!$A:$B,2,FALSE),0) -> 99 | P9: =IF( AND(O9>5000,K9<>"East"), "High-Value Merchant Day", IF( AND(O9>5000,K9="East"), "High-Value East Merchant Day", "Standard Merchant Day" ) ) -> Standard Merchant Day
A10: TXN100008 | B10: 36 | C10: 18 | D10: 46033.372 | E10: 799 | F10: UPI | G10: captured | H10: 44 | I10: =IFERROR(VLOOKUP(C10,Merchants!$A$2:$D$41,2,FALSE),"Merchant not found") -> Merchant_018 | J10: =IFERROR(VLOOKUP(C10,Merchants!$A$2:$D$41,3,FALSE),"Merchant not found") -> grocery | K10: =IFERROR(VLOOKUP(C10,Merchants!$A$2:$D$41,4,FALSE),"Merchant not found") -> West | L10: =IFERROR(HLOOKUP(F10,Fee_Lookup!$B$1:$E$2,2,FALSE),"Fee not found") -> 0 | M10: =INT(D10) -> 46033 | N10: =C10&"|"&TEXT(M10,"yyyy-mm-dd") -> 18|2026-01-11 | O10: =IFERROR(VLOOKUP(N10,Merchant_Daily!$A:$B,2,FALSE),0) -> 799 | P10: =IF( AND(O10>5000,K10<>"East"), "High-Value Merchant Day", IF( AND(O10>5000,K10="East"), "High-Value East Merchant Day", "Standard Merchant Day" ) ) -> Standard Merchant Day
A11: TXN100009 | B11: 348 | C11: 35 | D11: 46043.684 | E11: 299 | F11: UPI | G11: captured | H11: 42 | I11: =IFERROR(VLOOKUP(C11,Merchants!$A$2:$D$41,2,FALSE),"Merchant not found") -> Merchant_035 | J11: =IFERROR(VLOOKUP(C11,Merchants!$A$2:$D$41,3,FALSE),"Merchant not found") -> recharge | K11: =IFERROR(VLOOKUP(C11,Merchants!$A$2:$D$41,4,FALSE),"Merchant not found") -> East | L11: =IFERROR(HLOOKUP(F11,Fee_Lookup!$B$1:$E$2,2,FALSE),"Fee not found") -> 0 | M11: =INT(D11) -> 46043 | N11: =C11&"|"&TEXT(M11,"yyyy-mm-dd") -> 35|2026-01-21 | O11: =IFERROR(VLOOKUP(N11,Merchant_Daily!$A:$B,2,FALSE),0) -> 299 | P11: =IF( AND(O11>5000,K11<>"East"), "High-Value Merchant Day", IF( AND(O11>5000,K11="East"), "High-Value East Merchant Day", "Standard Merchant Day" ) ) -> Standard Merchant Day
A12: TXN100010 | B12: 134 | C12: 12 | D12: 46023.164 | E12: 49 | F12: UPI | G12: captured | H12: 74 | I12: =IFERROR(VLOOKUP(C12,Merchants!$A$2:$D$41,2,FALSE),"Merchant not found") -> Merchant_012 | J12: =IFERROR(VLOOKUP(C12,Merchants!$A$2:$D$41,3,FALSE),"Merchant not found") -> ecommerce | K12: =IFERROR(VLOOKUP(C12,Merchants!$A$2:$D$41,4,FALSE),"Merchant not found") -> East | L12: =IFERROR(HLOOKUP(F12,Fee_Lookup!$B$1:$E$2,2,FALSE),"Fee not found") -> 0 | M12: =INT(D12) -> 46023 | N12: =C12&"|"&TEXT(M12,"yyyy-mm-dd") -> 12|2026-01-01 | O12: =IFERROR(VLOOKUP(N12,Merchant_Daily!$A:$B,2,FALSE),0) -> 548 | P12: =IF( AND(O12>5000,K12<>"East"), "High-Value Merchant Day", IF( AND(O12>5000,K12="East"), "High-Value East Merchant Day", "Standard Merchant Day" ) ) -> Standard Merchant Day
A13: TXN100011 | B13: 306 | C13: 28 | D13: 46031.046 | E13: 2999 | F13: Card | G13: failed | H13: 44 | I13: =IFERROR(VLOOKUP(C13,Merchants!$A$2:$D$41,2,FALSE),"Merchant not found") -> Merchant_028 | J13: =IFERROR(VLOOKUP(C13,Merchants!$A$2:$D$41,3,FALSE),"Merchant not found") -> ecommerce | K13: =IFERROR(VLOOKUP(C13,Merchants!$A$2:$D$41,4,FALSE),"Merchant not found") -> South | L13: =IFERROR(HLOOKUP(F13,Fee_Lookup!$B$1:$E$2,2,FALSE),"Fee not found") -> 0.01 | M13: =INT(D13) -> 46031 | N13: =C13&"|"&TEXT(M13,"yyyy-mm-dd") -> 28|2026-01-09 | O13: =IFERROR(VLOOKUP(N13,Merchant_Daily!$A:$B,2,FALSE),0) -> 2999 | P13: =IF( AND(O13>5000,K13<>"East"), "High-Value Merchant Day", IF( AND(O13>5000,K13="East"), "High-Value East Merchant Day", "Standard Merchant Day" ) ) -> Standard Merchant Day
... A548: TXN300031 | B548: 345 | C548: 12 | D548: 46045.377 | E548: 399 | F548: Card | G548: captured | H548: 69 | I548: =IFERROR(VLOOKUP(C548,Merchants!$A$2:$D$41,2,FALSE),"Merchant not found") -> Merchant_012 | J548: =IFERROR(VLOOKUP(C548,Merchants!$A$2:$D$41,3,FALSE),"Merchant not found") -> ecommerce | K548: =IFERROR(VLOOKUP(C548,Merchants!$A$2:$D$41,4,FALSE),"Merchant not found") -> East | L548: =IFERROR(HLOOKUP(F548,Fee_Lookup!$B$1:$E$2,2,FALSE),"Fee not found") -> 0.01 | M548: =INT(D548) -> 46045 | N548: =C548&"|"&TEXT(M548,"yyyy-mm-dd") -> 12|2026-01-23 | O548: =IFERROR(VLOOKUP(N548,Merchant_Daily!$A:$B,2,FALSE),0) -> 448 | P548: =IF( AND(O548>5000,K548<>"East"), "High-Value Merchant Day", IF( AND(O548>5000,K548="East"), "High-Value East Merchant Day", "Standard Merchant Day" ) ) -> Standard Merchant Day

Sheet Pivot_Summary

Sheet Merchant_Unique_Days
A1: merchant_id | B1: total_transaction_count | C1: unique_days_transacted
A2: 1 | B2: =COUNTIF(Transactions!$C$2:$C$548,A2) -> 9 | C2: =IFERROR(__xludf.DUMMYFUNCTION("COUNTUNIQUE(FILTER(Transactions!$M$2:$M$548,Transactions!$C$2:$C$548=A2))"),7.0) -> 7
A3: 2 | B3: =COUNTIF(Transactions!$C$2:$C$548,A3) -> 10 | C3: =IFERROR(__xludf.DUMMYFUNCTION("COUNTUNIQUE(FILTER(Transactions!$M$2:$M$548,Transactions!$C$2:$C$548=A3))"),9.0) -> 9
A4: 3 | B4: =COUNTIF(Transactions!$C$2:$C$548,A4) -> 17 | C4: =IFERROR(__xludf.DUMMYFUNCTION("COUNTUNIQUE(FILTER(Transactions!$M$2:$M$548,Transactions!$C$2:$C$548=A4))"),13.0) -> 13
A5: 4 | B5: =COUNTIF(Transactions!$C$2:$C$548,A5) -> 9 | C5: =IFERROR(__xludf.DUMMYFUNCTION("COUNTUNIQUE(FILTER(Transactions!$M$2:$M$548,Transactions!$C$2:$C$548=A5))"),7.0) -> 7
A6: 5 | B6: =COUNTIF(Transactions!$C$2:$C$548,A6) -> 11 | C6: =IFERROR(__xludf.DUMMYFUNCTION("COUNTUNIQUE(FILTER(Transactions!$M$2:$M$548,Transactions!$C$2:$C$548=A6))"),9.0) -> 9

Sheet Documentation
A1: Workbook Documentation
A3: High-Value Merchant Day Rule
A4: A transaction is classified as "High-Value Merchant Day" when the merchant's total transaction value for that calendar day exceeds INR 5,000 AND the merchant's region is not East.
A6: Illustrative Payment Fee Assumptions
A7: UPI = 0.00%, Wallet = 0.50%, Card = 1.00%, Netbanking = 1.50%.
A9: Lookup Error Handling
A10: Merchant VLOOKUP formulas use IFERROR and return "Merchant not found" when merchant_id does not match the merchant reference table.

Sheet Merchant_Daily

Sheet Fee_Lookup
A1: Payment Method | B1: UPI | C1: Wallet | D1: Card | E1: Netbanking
A2: Illustrative Fee % | B2: 0 | C2: 0.005 | D2: 0.01 | E2: 0.015
A4: Fee percentages above are illustrative assumptions used only to demonstrate HLOOKUP functionality.

Sheet Merchants
A1: merchant_id | B1: merchant_name | C1: category | D1: region
A2: 1 | B2: Merchant_001 | C2: ecommerce | D2: South
A3: 2 | B3: Merchant_002 | C3: grocery | D3: West
A4: 3 | B4: Merchant_003 | C4: grocery | D4: East
A5: 4 | B5: Merchant_004 | C5: ecommerce | D5: East
A6: 5 | B6: Merchant_005 | C6: recharge | D6: South
A7: 6 | B7: Merchant_006 | C7: food_delivery | D7: South
A8: 7 | B8: Merchant_007 | C8: food_delivery | D8: East
A9: 8 | B9: Merchant_008 | C9: food_delivery | D9: North
A10: 9 | B10: Merchant_009 | C10: ecommerce | D10: North
A11: 10 | B11: Merchant_010 | C11: grocery | D11: West
A12: 11 | B12: Merchant_011 | C12: ecommerce | D12: North
A13: 12 | B13: Merchant_012 | C13: ecommerce | D13: East
... A41: 40 | B41: Merchant_040 | C41: entertainment | D41: South
